{"numRounds":"50","roundArray":[{"string":"534","place":"1","digits":"3","base":"10","correct":"4","which_dig":"0"},{"string":"099","place":"10","digits":"3","base":"10","correct":"9","which_dig":"1"},{"string":"620","place":"1","digits":"3","base":"10","correct":"0","which_dig":"0"},{"string":"522","place":"10","digits":"3","base":"10","correct":"2","which_dig":"1"},{"string":"868","place":"100","digits":"3","base":"10","correct":"8","which_dig":"2"},{"string":"592","place":"100","digits":"3","base":"10","correct":"5","which_dig":"2"},{"string":"527","place":"100","digits":"3","base":"10","correct":"5","which_dig":"2"},{"string":"538","place":"1","digits":"3","base":"10","correct":"8","which_dig":"0"},{"string":"946","place":"10","digits":"3","base":"10","correct":"4","which_dig":"1"},{"string":"362","place":"1","digits":"3","base":"10","correct":"2","which_dig":"0"},{"string":"033","place":"100","digits":"3","base":"10","correct":"0","which_dig":"2"},{"string":"019","place":"1","digits":"3","base":"10","correct":"9","which_dig":"0"},{"string":"446","place":"10","digits":"3","base":"10","correct":"4","which_dig":"1"},{"string":"543","place":"10","digits":"3","base":"10","correct":"4","which_dig":"1"},{"string":"155","place":"100","digits":"3","base":"10","correct":"1","which_dig":"2"},{"string":"890","place":"1","digits":"3","base":"10","correct":"0","which_dig":"0"},{"string":"597","place":"1","digits":"3","base":"10","correct":"7","which_dig":"0"},{"string":"801","place":"1","digits":"3","base":"10","correct":"1","which_dig":"0"},{"string":"788","place":"1","digits":"3","base":"10","correct":"8","which_dig":"0"},{"string":"162","place":"1","digits":"3","base":"10","correct":"2","which_dig":"0"},{"string":"885","place":"1","digits":"3","base":"10","correct":"5","which_dig":"0"},{"string":"548","place":"100","digits":"3","base":"10","correct":"5","which_dig":"2"},{"string":"746","place":"1","digits":"3","base":"10","correct":"6","which_dig":"0"},{"string":"630","place":"100","digits":"3","base":"10","correct":"6","which_dig":"2"},{"string":"406","place":"10","digits":"3","base":"10","correct":"0","which_dig":"1"},{"string":"896","place":"10","digits":"3","base":"10","correct":"9","which_dig":"1"},{"string":"283","place":"1","digits":"3","base":"10","correct":"3","which_dig":"0"},{"string":"624","place":"10","digits":"3","base":"10","correct":"2","which_dig":"1"},{"string":"728","place":"100","digits":"3","base":"10","correct":"7","which_dig":"2"},{"string":"304","place":"10","digits":"3","base":"10","correct":"0","which_dig":"1"},{"string":"620","place":"10","digits":"3","base":"10","correct":"2","which_dig":"1"},{"string":"945","place":"1","digits":"3","base":"10","correct":"5","which_dig":"0"},{"string":"593","place":"100","digits":"3","base":"10","correct":"5","which_dig":"2"},{"string":"518","place":"1","digits":"3","base":"10","correct":"8","which_dig":"0"},{"string":"166","place":"100","digits":"3","base":"10","correct":"1","which_dig":"2"},{"string":"691","place":"1","digits":"3","base":"10","correct":"1","which_dig":"0"},{"string":"839","place":"10","digits":"3","base":"10","correct":"3","which_dig":"1"},{"string":"704","place":"100","digits":"3","base":"10","correct":"7","which_dig":"2"},{"string":"832","place":"100","digits":"3","base":"10","correct":"8","which_dig":"2"},{"string":"189","place":"1","digits":"3","base":"10","correct":"9","which_dig":"0"},{"string":"659","place":"100","digits":"3","base":"10","correct":"6","which_dig":"2"},{"string":"728","place":"1","digits":"3","base":"10","correct":"8","which_dig":"0"},{"string":"324","place":"100","digits":"3","base":"10","correct":"3","which_dig":"2"},{"string":"982","place":"1","digits":"3","base":"10","correct":"2","which_dig":"0"},{"string":"303","place":"10","digits":"3","base":"10","correct":"0","which_dig":"1"},{"string":"879","place":"100","digits":"3","base":"10","correct":"8","which_dig":"2"},{"string":"570","place":"1","digits":"3","base":"10","correct":"0","which_dig":"0"},{"string":"394","place":"100","digits":"3","base":"10","correct":"3","which_dig":"2"},{"string":"704","place":"1","digits":"3","base":"10","correct":"4","which_dig":"0"},{"string":"275","place":"1","digits":"3","base":"10","correct":"5","which_dig":"0"}]}