{"numRounds":"50","roundArray":[{"string":"920","place":"1","digits":"3","base":"10","correct":"0","which_dig":"0"},{"string":"628","place":"1","digits":"3","base":"10","correct":"8","which_dig":"0"},{"string":"594","place":"100","digits":"3","base":"10","correct":"5","which_dig":"2"},{"string":"517","place":"100","digits":"3","base":"10","correct":"5","which_dig":"2"},{"string":"132","place":"10","digits":"3","base":"10","correct":"3","which_dig":"1"},{"string":"218","place":"1","digits":"3","base":"10","correct":"8","which_dig":"0"},{"string":"824","place":"10","digits":"3","base":"10","correct":"2","which_dig":"1"},{"string":"528","place":"100","digits":"3","base":"10","correct":"5","which_dig":"2"},{"string":"162","place":"1","digits":"3","base":"10","correct":"2","which_dig":"0"},{"string":"356","place":"10","digits":"3","base":"10","correct":"5","which_dig":"1"},{"string":"390","place":"100","digits":"3","base":"10","correct":"3","which_dig":"2"},{"string":"108","place":"10","digits":"3","base":"10","correct":"0","which_dig":"1"},{"string":"462","place":"100","digits":"3","base":"10","correct":"4","which_dig":"2"},{"string":"544","place":"1","digits":"3","base":"10","correct":"4","which_dig":"0"},{"string":"067","place":"100","digits":"3","base":"10","correct":"0","which_dig":"2"},{"string":"518","place":"1","digits":"3","base":"10","correct":"8","which_dig":"0"},{"string":"156","place":"10","digits":"3","base":"10","correct":"5","which_dig":"1"},{"string":"830","place":"10","digits":"3","base":"10","correct":"3","which_dig":"1"},{"string":"716","place":"10","digits":"3","base":"10","correct":"1","which_dig":"1"},{"string":"316","place":"100","digits":"3","base":"10","correct":"3","which_dig":"2"},{"string":"156","place":"100","digits":"3","base":"10","correct":"1","which_dig":"2"},{"string":"192","place":"100","digits":"3","base":"10","correct":"1","which_dig":"2"},{"string":"435","place":"1","digits":"3","base":"10","correct":"5","which_dig":"0"},{"string":"944","place":"10","digits":"3","base":"10","correct":"4","which_dig":"1"},{"string":"970","place":"10","digits":"3","base":"10","correct":"7","which_dig":"1"},{"string":"145","place":"1","digits":"3","base":"10","correct":"5","which_dig":"0"},{"string":"534","place":"10","digits":"3","base":"10","correct":"3","which_dig":"1"},{"string":"002","place":"100","digits":"3","base":"10","correct":"0","which_dig":"2"},{"string":"009","place":"10","digits":"3","base":"10","correct":"0","which_dig":"1"},{"string":"337","place":"10","digits":"3","base":"10","correct":"3","which_dig":"1"},{"string":"543","place":"100","digits":"3","base":"10","correct":"5","which_dig":"2"},{"string":"866","place":"1","digits":"3","base":"10","correct":"6","which_dig":"0"},{"string":"062","place":"1","digits":"3","base":"10","correct":"2","which_dig":"0"},{"string":"564","place":"100","digits":"3","base":"10","correct":"5","which_dig":"2"},{"string":"588","place":"1","digits":"3","base":"10","correct":"8","which_dig":"0"},{"string":"528","place":"10","digits":"3","base":"10","correct":"2","which_dig":"1"},{"string":"096","place":"100","digits":"3","base":"10","correct":"0","which_dig":"2"},{"string":"189","place":"10","digits":"3","base":"10","correct":"8","which_dig":"1"},{"string":"152","place":"10","digits":"3","base":"10","correct":"5","which_dig":"1"},{"string":"423","place":"100","digits":"3","base":"10","correct":"4","which_dig":"2"},{"string":"452","place":"100","digits":"3","base":"10","correct":"4","which_dig":"2"},{"string":"976","place":"100","digits":"3","base":"10","correct":"9","which_dig":"2"},{"string":"085","place":"10","digits":"3","base":"10","correct":"8","which_dig":"1"},{"string":"281","place":"1","digits":"3","base":"10","correct":"1","which_dig":"0"},{"string":"911","place":"1","digits":"3","base":"10","correct":"1","which_dig":"0"},{"string":"763","place":"1","digits":"3","base":"10","correct":"3","which_dig":"0"},{"string":"429","place":"10","digits":"3","base":"10","correct":"2","which_dig":"1"},{"string":"382","place":"100","digits":"3","base":"10","correct":"3","which_dig":"2"},{"string":"269","place":"100","digits":"3","base":"10","correct":"2","which_dig":"2"},{"string":"306","place":"100","digits":"3","base":"10","correct":"3","which_dig":"2"}]}