{"numRounds":"17","roundArray":[{"string":"55","place":"1","digits":"2","base":"10","correct":"5","which_dig":"0"},{"string":"87","place":"1","digits":"2","base":"10","correct":"7","which_dig":"0"},{"string":"22","place":"10","digits":"2","base":"10","correct":"2","which_dig":"1"},{"string":"52","place":"10","digits":"2","base":"10","correct":"5","which_dig":"1"},{"string":"09","place":"1","digits":"2","base":"10","correct":"9","which_dig":"0"},{"string":"25","place":"1","digits":"2","base":"10","correct":"5","which_dig":"0"},{"string":"02","place":"1","digits":"2","base":"10","correct":"2","which_dig":"0"},{"string":"09","place":"1","digits":"2","base":"10","correct":"9","which_dig":"0"},{"string":"40","place":"10","digits":"2","base":"10","correct":"4","which_dig":"1"},{"string":"64","place":"10","digits":"2","base":"10","correct":"6","which_dig":"1"},{"string":"25","place":"1","digits":"2","base":"10","correct":"5","which_dig":"0"},{"string":"60","place":"1","digits":"2","base":"10","correct":"0","which_dig":"0"},{"string":"79","place":"1","digits":"2","base":"10","correct":"9","which_dig":"0"},{"string":"16","place":"1","digits":"2","base":"10","correct":"6","which_dig":"0"},{"string":"03","place":"10","digits":"2","base":"10","correct":"0","which_dig":"1"},{"string":"73","place":"10","digits":"2","base":"10","correct":"7","which_dig":"1"},{"string":"59","place":"10","digits":"2","base":"10","correct":"5","which_dig":"1"}]}