{"numRounds":"50","roundArray":[{"string":"485","place":"1","digits":"3","base":"10","correct":"5","which_dig":"0"},{"string":"377","place":"100","digits":"3","base":"10","correct":"3","which_dig":"2"},{"string":"447","place":"100","digits":"3","base":"10","correct":"4","which_dig":"2"},{"string":"859","place":"100","digits":"3","base":"10","correct":"8","which_dig":"2"},{"string":"364","place":"10","digits":"3","base":"10","correct":"6","which_dig":"1"},{"string":"997","place":"1","digits":"3","base":"10","correct":"7","which_dig":"0"},{"string":"739","place":"100","digits":"3","base":"10","correct":"7","which_dig":"2"},{"string":"549","place":"10","digits":"3","base":"10","correct":"4","which_dig":"1"},{"string":"841","place":"10","digits":"3","base":"10","correct":"4","which_dig":"1"},{"string":"853","place":"100","digits":"3","base":"10","correct":"8","which_dig":"2"},{"string":"282","place":"100","digits":"3","base":"10","correct":"2","which_dig":"2"},{"string":"695","place":"1","digits":"3","base":"10","correct":"5","which_dig":"0"},{"string":"858","place":"100","digits":"3","base":"10","correct":"8","which_dig":"2"},{"string":"793","place":"10","digits":"3","base":"10","correct":"9","which_dig":"1"},{"string":"977","place":"100","digits":"3","base":"10","correct":"9","which_dig":"2"},{"string":"993","place":"10","digits":"3","base":"10","correct":"9","which_dig":"1"},{"string":"346","place":"100","digits":"3","base":"10","correct":"3","which_dig":"2"},{"string":"764","place":"1","digits":"3","base":"10","correct":"4","which_dig":"0"},{"string":"167","place":"1","digits":"3","base":"10","correct":"7","which_dig":"0"},{"string":"205","place":"10","digits":"3","base":"10","correct":"0","which_dig":"1"},{"string":"189","place":"10","digits":"3","base":"10","correct":"8","which_dig":"1"},{"string":"584","place":"100","digits":"3","base":"10","correct":"5","which_dig":"2"},{"string":"581","place":"10","digits":"3","base":"10","correct":"8","which_dig":"1"},{"string":"001","place":"100","digits":"3","base":"10","correct":"0","which_dig":"2"},{"string":"395","place":"10","digits":"3","base":"10","correct":"9","which_dig":"1"},{"string":"091","place":"1","digits":"3","base":"10","correct":"1","which_dig":"0"},{"string":"156","place":"100","digits":"3","base":"10","correct":"1","which_dig":"2"},{"string":"384","place":"1","digits":"3","base":"10","correct":"4","which_dig":"0"},{"string":"557","place":"1","digits":"3","base":"10","correct":"7","which_dig":"0"},{"string":"053","place":"10","digits":"3","base":"10","correct":"5","which_dig":"1"},{"string":"169","place":"100","digits":"3","base":"10","correct":"1","which_dig":"2"},{"string":"652","place":"100","digits":"3","base":"10","correct":"6","which_dig":"2"},{"string":"132","place":"100","digits":"3","base":"10","correct":"1","which_dig":"2"},{"string":"376","place":"1","digits":"3","base":"10","correct":"6","which_dig":"0"},{"string":"076","place":"100","digits":"3","base":"10","correct":"0","which_dig":"2"},{"string":"281","place":"1","digits":"3","base":"10","correct":"1","which_dig":"0"},{"string":"429","place":"100","digits":"3","base":"10","correct":"4","which_dig":"2"},{"string":"927","place":"10","digits":"3","base":"10","correct":"2","which_dig":"1"},{"string":"623","place":"100","digits":"3","base":"10","correct":"6","which_dig":"2"},{"string":"625","place":"10","digits":"3","base":"10","correct":"2","which_dig":"1"},{"string":"236","place":"1","digits":"3","base":"10","correct":"6","which_dig":"0"},{"string":"585","place":"100","digits":"3","base":"10","correct":"5","which_dig":"2"},{"string":"886","place":"100","digits":"3","base":"10","correct":"8","which_dig":"2"},{"string":"353","place":"100","digits":"3","base":"10","correct":"3","which_dig":"2"},{"string":"359","place":"100","digits":"3","base":"10","correct":"3","which_dig":"2"},{"string":"217","place":"10","digits":"3","base":"10","correct":"1","which_dig":"1"},{"string":"585","place":"1","digits":"3","base":"10","correct":"5","which_dig":"0"},{"string":"288","place":"100","digits":"3","base":"10","correct":"2","which_dig":"2"},{"string":"618","place":"100","digits":"3","base":"10","correct":"6","which_dig":"2"},{"string":"708","place":"10","digits":"3","base":"10","correct":"0","which_dig":"1"}]}