{"numRounds":"50","roundArray":[{"string":"171","place":"10","digits":"3","base":"10","correct":"7","which_dig":"1"},{"string":"019","place":"100","digits":"3","base":"10","correct":"0","which_dig":"2"},{"string":"741","place":"100","digits":"3","base":"10","correct":"7","which_dig":"2"},{"string":"205","place":"1","digits":"3","base":"10","correct":"5","which_dig":"0"},{"string":"594","place":"1","digits":"3","base":"10","correct":"4","which_dig":"0"},{"string":"075","place":"10","digits":"3","base":"10","correct":"7","which_dig":"1"},{"string":"401","place":"1","digits":"3","base":"10","correct":"1","which_dig":"0"},{"string":"030","place":"10","digits":"3","base":"10","correct":"3","which_dig":"1"},{"string":"609","place":"100","digits":"3","base":"10","correct":"6","which_dig":"2"},{"string":"484","place":"1","digits":"3","base":"10","correct":"4","which_dig":"0"},{"string":"240","place":"10","digits":"3","base":"10","correct":"4","which_dig":"1"},{"string":"071","place":"1","digits":"3","base":"10","correct":"1","which_dig":"0"},{"string":"126","place":"1","digits":"3","base":"10","correct":"6","which_dig":"0"},{"string":"866","place":"100","digits":"3","base":"10","correct":"8","which_dig":"2"},{"string":"475","place":"1","digits":"3","base":"10","correct":"5","which_dig":"0"},{"string":"790","place":"100","digits":"3","base":"10","correct":"7","which_dig":"2"},{"string":"783","place":"10","digits":"3","base":"10","correct":"8","which_dig":"1"},{"string":"823","place":"1","digits":"3","base":"10","correct":"3","which_dig":"0"},{"string":"306","place":"100","digits":"3","base":"10","correct":"3","which_dig":"2"},{"string":"756","place":"10","digits":"3","base":"10","correct":"5","which_dig":"1"},{"string":"185","place":"100","digits":"3","base":"10","correct":"1","which_dig":"2"},{"string":"631","place":"10","digits":"3","base":"10","correct":"3","which_dig":"1"},{"string":"041","place":"10","digits":"3","base":"10","correct":"4","which_dig":"1"},{"string":"856","place":"10","digits":"3","base":"10","correct":"5","which_dig":"1"},{"string":"249","place":"1","digits":"3","base":"10","correct":"9","which_dig":"0"},{"string":"624","place":"1","digits":"3","base":"10","correct":"4","which_dig":"0"},{"string":"520","place":"100","digits":"3","base":"10","correct":"5","which_dig":"2"},{"string":"888","place":"1","digits":"3","base":"10","correct":"8","which_dig":"0"},{"string":"262","place":"1","digits":"3","base":"10","correct":"2","which_dig":"0"},{"string":"363","place":"10","digits":"3","base":"10","correct":"6","which_dig":"1"},{"string":"479","place":"100","digits":"3","base":"10","correct":"4","which_dig":"2"},{"string":"302","place":"10","digits":"3","base":"10","correct":"0","which_dig":"1"},{"string":"124","place":"1","digits":"3","base":"10","correct":"4","which_dig":"0"},{"string":"643","place":"1","digits":"3","base":"10","correct":"3","which_dig":"0"},{"string":"157","place":"10","digits":"3","base":"10","correct":"5","which_dig":"1"},{"string":"554","place":"100","digits":"3","base":"10","correct":"5","which_dig":"2"},{"string":"438","place":"1","digits":"3","base":"10","correct":"8","which_dig":"0"},{"string":"047","place":"100","digits":"3","base":"10","correct":"0","which_dig":"2"},{"string":"280","place":"100","digits":"3","base":"10","correct":"2","which_dig":"2"},{"string":"344","place":"100","digits":"3","base":"10","correct":"3","which_dig":"2"},{"string":"265","place":"10","digits":"3","base":"10","correct":"6","which_dig":"1"},{"string":"933","place":"1","digits":"3","base":"10","correct":"3","which_dig":"0"},{"string":"304","place":"100","digits":"3","base":"10","correct":"3","which_dig":"2"},{"string":"969","place":"1","digits":"3","base":"10","correct":"9","which_dig":"0"},{"string":"584","place":"1","digits":"3","base":"10","correct":"4","which_dig":"0"},{"string":"830","place":"10","digits":"3","base":"10","correct":"3","which_dig":"1"},{"string":"988","place":"100","digits":"3","base":"10","correct":"9","which_dig":"2"},{"string":"108","place":"1","digits":"3","base":"10","correct":"8","which_dig":"0"},{"string":"955","place":"100","digits":"3","base":"10","correct":"9","which_dig":"2"},{"string":"812","place":"10","digits":"3","base":"10","correct":"1","which_dig":"1"}]}