{"numRounds":"38","roundArray":[{"string":"01011","place":"16","digits":"5","base":"2","correct":"0","which_dig":"4"},{"string":"10010","place":"2","digits":"5","base":"2","correct":"1","which_dig":"1"},{"string":"01100","place":"4","digits":"5","base":"2","correct":"1","which_dig":"2"},{"string":"00111","place":"16","digits":"5","base":"2","correct":"0","which_dig":"4"},{"string":"10001","place":"16","digits":"5","base":"2","correct":"1","which_dig":"4"},{"string":"11010","place":"16","digits":"5","base":"2","correct":"1","which_dig":"4"},{"string":"01111","place":"1","digits":"5","base":"2","correct":"1","which_dig":"0"},{"string":"10000","place":"4","digits":"5","base":"2","correct":"0","which_dig":"2"},{"string":"10110","place":"4","digits":"5","base":"2","correct":"1","which_dig":"2"},{"string":"11101","place":"16","digits":"5","base":"2","correct":"1","which_dig":"4"},{"string":"11011","place":"4","digits":"5","base":"2","correct":"0","which_dig":"2"},{"string":"00110","place":"16","digits":"5","base":"2","correct":"0","which_dig":"4"},{"string":"11100","place":"2","digits":"5","base":"2","correct":"0","which_dig":"1"},{"string":"01110","place":"16","digits":"5","base":"2","correct":"0","which_dig":"4"},{"string":"01101","place":"1","digits":"5","base":"2","correct":"1","which_dig":"0"},{"string":"01111","place":"1","digits":"5","base":"2","correct":"1","which_dig":"0"},{"string":"00000","place":"16","digits":"5","base":"2","correct":"0","which_dig":"4"},{"string":"00010","place":"2","digits":"5","base":"2","correct":"1","which_dig":"1"},{"string":"10101","place":"8","digits":"5","base":"2","correct":"0","which_dig":"3"},{"string":"00110","place":"4","digits":"5","base":"2","correct":"1","which_dig":"2"},{"string":"10101","place":"16","digits":"5","base":"2","correct":"1","which_dig":"4"},{"string":"10101","place":"8","digits":"5","base":"2","correct":"0","which_dig":"3"},{"string":"10010","place":"16","digits":"5","base":"2","correct":"1","which_dig":"4"},{"string":"11011","place":"4","digits":"5","base":"2","correct":"0","which_dig":"2"},{"string":"10100","place":"4","digits":"5","base":"2","correct":"1","which_dig":"2"},{"string":"10000","place":"4","digits":"5","base":"2","correct":"0","which_dig":"2"},{"string":"10000","place":"16","digits":"5","base":"2","correct":"1","which_dig":"4"},{"string":"11000","place":"16","digits":"5","base":"2","correct":"1","which_dig":"4"},{"string":"11101","place":"16","digits":"5","base":"2","correct":"1","which_dig":"4"},{"string":"11101","place":"4","digits":"5","base":"2","correct":"1","which_dig":"2"},{"string":"11110","place":"2","digits":"5","base":"2","correct":"1","which_dig":"1"},{"string":"00001","place":"4","digits":"5","base":"2","correct":"0","which_dig":"2"},{"string":"10010","place":"16","digits":"5","base":"2","correct":"1","which_dig":"4"},{"string":"11110","place":"8","digits":"5","base":"2","correct":"1","which_dig":"3"},{"string":"00011","place":"4","digits":"5","base":"2","correct":"0","which_dig":"2"},{"string":"00111","place":"4","digits":"5","base":"2","correct":"1","which_dig":"2"},{"string":"11111","place":"8","digits":"5","base":"2","correct":"1","which_dig":"3"},{"string":"10110","place":"1","digits":"5","base":"2","correct":"0","which_dig":"0"}]}